City_ID,City,Country,Date,Lat,Lng,Max Temp,Humidity,Cloudiness,Wind Speed
0,Beringovskiy,RU,2021-04-03 23:07:43,63.05,179.3167,3.11,85,100,21.99
1,Hermanus,ZA,2021-04-03 23:07:44,-34.4187,19.2345,63.0,88,0,1.01
2,Tual,ID,2021-04-03 23:07:44,-5.6667,132.75,83.35,72,94,5.66
3,Pangnirtung,CA,2021-04-03 23:07:44,66.1451,-65.7125,-4.34,79,2,5.75
4,Albany,US,2021-04-03 23:07:23,42.6001,-73.9662,50.0,28,56,5.21
5,Manokwari,ID,2021-04-03 23:07:45,-0.8667,134.0833,81.0,73,80,1.66
6,Dingle,PH,2021-04-03 23:07:45,10.9995,122.6711,78.15,84,76,7.99
7,Fort Nelson,CA,2021-04-03 23:07:45,58.8053,-122.7002,44.6,29,40,6.91
8,Praia Da Vitoria,PT,2021-04-03 23:07:46,38.7333,-27.0667,60.8,88,75,24.9
9,Ribeira Grande,PT,2021-04-03 23:07:46,38.5167,-28.7,61.75,87,40,32.19
10,Ahipara,NZ,2021-04-03 23:07:46,-35.1667,173.1667,68.68,62,1,4.65
11,Hami,CN,2021-04-03 23:07:47,42.8,93.45,49.78,15,100,4.0
12,Jamestown,US,2021-04-03 23:07:47,42.097,-79.2353,46.0,26,90,6.91
13,Mataura,NZ,2021-04-03 23:07:47,-46.1927,168.8643,64.0,73,27,11.01
14,Punta Arenas,CL,2021-04-03 23:07:47,-53.15,-70.9167,41.0,70,20,17.27
15,Sept-Iles,CA,2021-04-03 23:07:48,50.2001,-66.3821,28.99,68,75,8.05
16,Busselton,AU,2021-04-03 23:07:48,-33.65,115.3333,62.01,93,100,4.0
17,Chuy,UY,2021-04-03 23:07:48,-33.6971,-53.4616,64.9,82,6,7.38
18,Mareeba,AU,2021-04-03 23:07:49,-17.0,145.4333,78.01,83,90,10.36
19,Isangel,VU,2021-04-03 23:07:49,-19.55,169.2667,81.05,81,99,16.8
20,Ushuaia,AR,2021-04-03 23:07:49,-54.8,-68.3,39.2,75,40,23.02
21,Berdigestyakh,RU,2021-04-03 23:07:50,62.0989,126.6992,-7.92,98,94,1.52
22,Bluff,NZ,2021-04-03 23:07:50,-46.6,168.3333,64.0,73,72,11.01
23,Ancud,CL,2021-04-03 23:07:50,-41.8697,-73.8203,60.8,63,0,4.61
24,Cidreira,BR,2021-04-03 23:07:51,-30.1811,-50.2056,72.77,76,0,15.75
25,Taltal,CL,2021-04-03 23:07:51,-25.4,-70.4833,65.08,82,69,3.51
26,Nemuro,JP,2021-04-03 23:07:51,43.3236,145.575,34.47,96,100,13.56
27,Hanna,CA,2021-04-03 23:07:52,51.6334,-111.9018,55.0,26,90,10.0
28,Rikitea,PF,2021-04-03 23:07:52,-23.1203,-134.9692,76.66,67,31,15.57
29,Bredasdorp,ZA,2021-04-03 23:07:52,-34.5322,20.0403,51.8,87,0,2.3
30,Sfantu Gheorghe,RO,2021-04-03 23:07:52,45.8667,25.7833,37.99,91,100,4.76
31,New Norfolk,AU,2021-04-03 23:07:53,-42.7826,147.0587,63.0,50,12,5.01
32,Dikson,RU,2021-04-03 23:07:53,73.5069,80.5464,-20.31,86,51,5.44
33,Kapaa,US,2021-04-03 23:07:53,22.0752,-159.319,78.8,61,40,18.41
34,Esperance,AU,2021-04-03 23:07:54,-33.8667,121.9,64.4,77,90,12.66
35,Lusambo,CD,2021-04-03 23:07:54,-4.9667,23.45,70.27,96,96,1.5
36,Aklavik,CA,2021-04-03 23:07:54,68.2191,-135.0107,-0.4,60,20,6.91
37,Ponta Do Sol,PT,2021-04-03 23:07:55,32.6667,-17.1,60.01,66,33,1.01
38,Iringa,TZ,2021-04-03 23:07:55,-7.7667,35.7,58.44,94,85,4.5
39,Nanortalik,GL,2021-04-03 23:07:55,60.1432,-45.2371,36.0,99,100,5.06
40,Sakakah,SA,2021-04-03 23:07:56,29.9697,40.2064,57.2,24,0,4.61
41,Iqaluit,CA,2021-04-03 23:07:56,63.7506,-68.5145,0.0,71,75,3.44
42,Montespertoli,IT,2021-04-03 23:07:56,43.6442,11.0737,55.0,42,98,10.0
43,Port-Cartier,CA,2021-04-03 23:07:57,50.0334,-66.8654,28.99,68,75,8.05
44,Barrow,US,2021-04-03 23:07:57,71.2906,-156.7887,-13.0,70,1,5.75
45,Hualmay,PE,2021-04-03 23:07:57,-11.0964,-77.6139,71.69,77,84,7.83
46,Hasaki,JP,2021-04-03 23:07:58,35.7333,140.8333,64.0,77,75,8.05
47,Bethel,US,2021-04-03 23:07:58,41.3712,-73.414,50.0,17,1,4.61
48,Atuona,PF,2021-04-03 23:07:58,-9.8,-139.0333,80.78,75,97,12.15
49,Sistranda,NO,2021-04-03 23:07:59,63.7256,8.834,42.8,87,75,35.68
50,Arivonimamo,MG,2021-04-03 23:07:17,-19.0167,47.1833,64.4,94,20,4.61
51,Palotina,BR,2021-04-03 23:07:59,-24.2839,-53.84,72.93,63,15,3.85
52,Pacific Grove,US,2021-04-03 23:07:59,36.6177,-121.9166,57.0,73,83,1.01
53,Iquitos,PE,2021-04-03 23:06:09,-3.7481,-73.2472,80.6,83,75,6.91
54,Kichha,IN,2021-04-03 23:08:00,28.9167,79.5,66.6,9,0,3.15
55,Bongaree,AU,2021-04-03 23:08:00,-27.0797,153.1586,71.6,88,75,9.22
56,Baculin,PH,2021-04-03 23:08:00,7.4525,126.5842,80.01,76,60,6.87
57,Krasnoselkup,RU,2021-04-03 23:08:01,65.7,82.4667,25.7,97,99,8.16
58,Thinadhoo,MV,2021-04-03 23:08:01,0.5333,72.9333,82.8,75,39,15.57
59,Alofi,NU,2021-04-03 23:08:01,-19.0595,-169.9187,84.2,74,85,8.05
60,San Juan Del Sur,NI,2021-04-03 23:08:02,11.2529,-85.8705,87.8,48,40,11.5
61,Yellowknife,CA,2021-04-03 23:08:02,62.456,-114.3525,10.0,61,20,4.61
62,Erenhot,CN,2021-04-03 23:03:10,43.6475,111.9767,34.95,32,46,8.01
63,Mount Gambier,AU,2021-04-03 23:08:02,-37.8333,140.7667,64.4,77,40,3.44
64,Qaanaaq,GL,2021-04-03 23:08:03,77.484,-69.3632,-18.0,86,99,6.76
65,Port Alfred,ZA,2021-04-03 23:08:03,-33.5906,26.891,62.17,81,90,14.03
66,Ossora,RU,2021-04-03 23:08:03,59.2353,163.0719,12.09,74,74,4.47
67,Shubarkuduk,KZ,2021-04-03 23:08:04,49.1447,56.4872,33.49,98,100,10.18
68,Fort-Shevchenko,KZ,2021-04-03 23:08:04,44.5086,50.263,45.36,84,11,7.25
69,Hilo,US,2021-04-03 23:06:11,19.7297,-155.09,75.2,73,90,4.61
70,Pangai,TO,2021-04-03 23:08:04,-19.8,-174.35,79.54,74,71,14.12
71,Castro,BR,2021-04-03 23:08:05,-24.7911,-50.0119,59.59,86,11,3.96
72,Severo-Kurilsk,RU,2021-04-03 23:08:05,50.6789,156.125,34.45,97,98,17.25
73,Doha,QA,2021-04-03 23:08:05,25.2867,51.5333,73.4,40,0,17.27
74,Makubetsu,JP,2021-04-03 23:08:06,45.3714,141.8211,38.89,51,100,11.74
75,Provideniya,RU,2021-04-03 23:08:06,64.3833,-173.3,9.14,82,100,9.78
76,Amapa,BR,2021-04-03 23:08:06,1.0,-52.0,72.93,97,96,3.58
77,Saskylakh,RU,2021-04-03 23:08:06,71.9167,114.0833,-26.43,100,68,2.42
78,Gushikawa,JP,2021-04-03 23:08:07,26.3544,127.8686,69.8,94,90,13.8
79,Kenai,US,2021-04-03 23:08:07,60.5544,-151.2583,35.6,69,40,2.51
80,Saint George,US,2021-04-03 23:08:07,37.1041,-113.5841,87.01,10,1,9.22
81,Kholmogory,RU,2021-04-03 23:08:08,64.2229,41.656,26.6,93,40,2.24
82,Merauke,ID,2021-04-03 23:08:08,-8.4667,140.3333,77.58,87,100,10.4
83,Rawson,AR,2021-04-03 23:08:08,-43.3002,-65.1023,71.46,53,15,13.51
84,Kapiri Mposhi,ZM,2021-04-03 23:08:09,-13.9652,28.6809,58.96,93,13,5.12
85,Vostok,RU,2021-04-03 23:08:09,46.4856,135.8833,25.09,51,56,5.35
86,Vanimo,PG,2021-04-03 23:08:09,-2.6741,141.3028,77.32,89,100,3.94
87,Puerto Ayora,EC,2021-04-03 23:08:09,-0.7393,-90.3518,82.4,74,20,10.36
88,Alyangula,AU,2021-04-03 23:08:10,-13.8483,136.4192,81.93,60,25,9.1
89,Antofagasta,CL,2021-04-03 23:04:37,-23.65,-70.4,66.2,72,40,8.05
90,Inirida,CO,2021-04-03 23:08:10,3.8653,-67.9239,76.53,91,71,2.42
91,De-Kastri,RU,2021-04-03 23:08:11,51.4667,140.7833,28.58,64,94,15.23
92,Hobart,AU,2021-04-03 23:06:58,-42.8794,147.3294,63.0,48,40,12.66
93,Westport,US,2021-04-03 23:08:11,41.1415,-73.3579,51.8,17,1,5.75
94,La Ronge,CA,2021-04-03 23:08:11,55.1001,-105.2842,46.4,23,26,10.36
95,Valparaiso,CL,2021-04-03 23:05:52,-33.0393,-71.6273,57.0,100,3,5.55
96,Ikom,NG,2021-04-03 23:06:30,5.9667,8.7063,79.61,79,96,2.19
97,Dalbandin,PK,2021-04-03 23:08:12,28.8947,64.4101,75.47,17,5,5.35
98,Samarai,PG,2021-04-03 23:08:12,-10.6167,150.6667,84.07,75,97,17.05
99,Chapais,CA,2021-04-03 23:08:12,49.7834,-74.8492,39.2,22,1,4.61
100,Jumla,NP,2021-04-03 23:08:13,29.2747,82.1838,35.92,25,0,5.86
101,Dukat,RU,2021-04-03 23:08:13,62.55,155.55,-1.46,88,91,4.21
102,Praia,CV,2021-04-03 23:06:13,14.9215,-23.5087,73.4,68,0,17.27
103,Albanel,CA,2021-04-03 23:07:28,48.8832,-72.4487,33.8,32,20,5.75
104,Nouadhibou,MR,2021-04-03 23:08:13,20.931,-17.0347,66.2,77,96,17.27
105,General Pico,AR,2021-04-03 23:08:14,-35.6566,-63.7568,68.83,62,0,8.37
106,Nome,US,2021-04-03 23:08:14,64.5011,-165.4064,21.2,86,90,10.36
107,Fortuna,US,2021-04-03 23:08:14,40.5982,-124.1573,61.0,71,20,10.36
108,Chokurdakh,RU,2021-04-03 23:08:15,70.6333,147.9167,-10.46,97,64,5.3
109,Mumbwa,ZM,2021-04-03 23:08:15,-14.9783,27.0619,61.05,87,34,4.76
110,Sisimiut,GL,2021-04-03 23:08:15,66.9395,-53.6735,7.65,65,41,13.44
111,Tuktoyaktuk,CA,2021-04-03 23:08:16,69.4541,-133.0374,-7.6,77,20,8.05
112,Kandrian,PG,2021-04-03 23:08:16,-6.2167,149.55,82.8,78,99,5.91
113,Richards Bay,ZA,2021-04-03 23:08:16,-28.783,32.0377,70.74,58,94,8.9
114,Vaini,TO,2021-04-03 23:08:17,-21.2,-175.2,77.0,73,90,2.3
115,Touros,BR,2021-04-03 23:08:17,-5.1989,-35.4608,75.2,100,75,3.44
116,Thompson,CA,2021-04-03 23:04:27,55.7435,-97.8558,42.8,36,40,16.11
117,Vangaindrano,MG,2021-04-03 23:08:17,-23.35,47.6,70.07,88,0,4.32
118,Butaritari,KI,2021-04-03 23:08:18,3.0707,172.7902,82.81,77,89,15.05
119,Salamiyah,SY,2021-04-03 23:08:18,35.0113,37.0532,47.82,90,1,7.05
120,Zlatoust,RU,2021-04-03 23:08:18,55.1711,59.6508,28.99,97,100,3.04
121,Aktash,RU,2021-04-03 23:08:19,50.3,87.7333,-1.19,66,1,4.32
122,Mbala,ZM,2021-04-03 23:08:19,-8.8402,31.3659,59.76,93,74,8.05
123,Grand-Santi,GF,2021-04-03 23:08:19,4.25,-54.3833,74.25,97,100,3.2
124,Herat,AF,2021-04-03 23:08:20,34.5,62.0,64.09,53,100,5.28
125,Geraldton,AU,2021-04-03 23:08:20,-28.7667,114.6,69.8,68,43,12.66
126,Port Lincoln,AU,2021-04-03 23:08:20,-34.7333,135.8667,69.62,74,0,5.77
127,Sarangani,PH,2021-04-03 23:08:20,5.4033,125.4636,82.69,76,44,18.88
128,Faya,SA,2021-04-03 23:08:21,18.3851,42.4509,64.4,77,0,1.05
129,Puerto Madero,MX,2021-04-03 23:08:21,14.7208,-92.4215,87.8,62,40,8.05
130,Munkebo,DK,2021-04-03 23:08:21,55.4618,10.5558,37.0,82,0,10.63
131,Nikolskoye,RU,2021-04-03 23:08:22,59.7035,30.7861,33.8,86,0,6.71
132,Tupik,RU,2021-04-03 23:08:22,54.4253,119.9327,20.12,83,57,3.38
133,Guerrero Negro,MX,2021-04-03 23:08:22,27.9769,-114.0611,66.9,65,0,17.87
134,Saint-Philippe,RE,2021-04-03 23:08:23,-21.3585,55.7679,77.0,78,0,4.61
135,Paramonga,PE,2021-04-03 23:08:23,-10.6667,-77.8333,71.78,77,74,7.0
136,East London,ZA,2021-04-03 23:08:05,-33.0153,27.9116,63.16,77,77,13.56
137,Osa,RU,2021-04-03 23:08:23,57.2829,55.4567,32.38,96,98,4.34
138,Rosario,AR,2021-04-03 23:03:47,-32.9468,-60.6393,77.0,53,0,5.75
139,Peniche,PT,2021-04-03 23:08:24,39.3558,-9.3811,57.0,86,24,3.0
140,Port Elizabeth,ZA,2021-04-03 23:04:53,-33.918,25.5701,62.6,82,20,8.05
141,Arraial Do Cabo,BR,2021-04-03 23:08:24,-22.9661,-42.0278,76.46,74,13,9.91
142,Tiksi,RU,2021-04-03 23:08:25,71.6872,128.8694,-11.92,99,100,6.51
143,Arlit,NE,2021-04-03 23:08:25,18.7369,7.3853,74.61,9,1,7.36
144,Merrill,US,2021-04-03 23:08:01,45.1805,-89.6835,69.8,15,1,17.27
145,Lata,PT,2021-04-03 23:08:25,40.1629,-8.3327,57.2,88,75,3.44
146,Doksy,CZ,2021-04-03 23:08:26,50.5647,14.6555,32.0,91,40,5.79
147,Lalin,ES,2021-04-03 23:08:26,42.7167,-8.1167,46.4,71,0,8.05
148,Lorengau,PG,2021-04-03 23:08:26,-2.0226,147.2712,81.37,79,100,7.67
149,Willowmore,ZA,2021-04-03 23:08:26,-33.2926,23.4895,61.61,37,7,3.69
150,Miandrivazo,MG,2021-04-03 23:08:27,-19.5167,45.4667,75.78,86,36,1.45
151,Zwedru,LR,2021-04-03 23:08:27,6.0667,-8.1281,74.91,88,63,2.98
152,Sitka,US,2021-04-03 23:08:27,57.0531,-135.33,37.4,87,75,4.16
153,Zubtsov,RU,2021-04-03 23:08:10,56.1753,34.5894,30.36,88,45,3.89
154,Sangar,RU,2021-04-03 23:08:28,63.9242,127.4739,-17.59,98,67,0.76
155,Mago,RU,2021-04-03 23:08:28,53.2514,140.1822,21.06,74,99,19.26
156,Homer,US,2021-04-03 23:08:28,59.6425,-151.5483,41.0,75,20,13.8
157,Dieppe,FR,2021-04-03 23:08:29,49.75,1.1667,41.0,75,0,12.66
158,Takoradi,GH,2021-04-03 23:07:05,4.8845,-1.7554,79.88,88,56,8.61
159,Palmer,US,2021-04-03 23:08:29,42.1584,-72.3287,46.4,18,20,8.05
160,Sao Joao Da Barra,BR,2021-04-03 23:05:08,-21.6403,-41.0511,74.8,81,46,8.39
161,Fairbanks,US,2021-04-03 23:07:10,64.8378,-147.7164,27.0,86,90,3.44
162,Clyde River,CA,2021-04-03 23:08:30,70.4692,-68.5914,-13.0,77,40,2.3
163,Lima,PE,2021-04-03 23:08:30,-12.0432,-77.0282,73.4,68,0,8.05
164,At-Bashi,KG,2021-04-03 23:08:30,41.1702,75.8106,25.14,31,59,1.48
165,Khatanga,RU,2021-04-03 23:08:30,71.9667,102.5,-30.5,96,7,4.07
166,Georgetown,MY,2021-04-03 23:05:13,5.4112,100.3354,80.01,100,40,3.44
167,Cape Town,ZA,2021-04-03 23:08:26,-33.9258,18.4232,64.0,94,0,4.61
168,Yeppoon,AU,2021-04-03 23:08:31,-23.1333,150.7333,73.4,88,90,8.05
169,Constantine,DZ,2021-04-03 23:04:14,36.365,6.6147,51.8,82,0,4.61
170,Along,IN,2021-04-03 23:08:31,28.1667,94.7667,57.79,77,35,2.66
171,Volot,RU,2021-04-03 23:08:32,57.9278,30.7025,32.14,88,99,3.98
172,Semey,KZ,2021-04-03 23:08:32,50.4111,80.2275,21.92,80,10,6.33
173,Upernavik,GL,2021-04-03 23:08:32,72.7868,-56.1549,-20.6,95,6,7.14
174,Sinjar,IQ,2021-04-03 23:08:32,36.3209,41.8754,52.59,65,0,8.28
175,Puerto Cabezas,NI,2021-04-03 23:08:33,14.0351,-83.3888,84.2,84,40,9.22
176,Umm Lajj,SA,2021-04-03 23:08:33,25.0213,37.2685,70.75,40,44,16.31
177,Koumac,NC,2021-04-03 23:08:33,-20.5667,164.2833,79.74,84,100,6.29
178,Zharkent,KZ,2021-04-03 23:08:34,44.1628,80.0,40.1,52,22,3.76
179,Barcelos,PT,2021-04-03 23:08:34,41.5388,-8.6151,61.0,94,0,9.22
180,Mata,PT,2021-04-03 23:08:34,40.683,-7.4592,55.99,90,5,4.94
181,Usinsk,RU,2021-04-03 23:08:35,65.9939,57.5281,15.91,99,95,4.14
182,Bakel,SN,2021-04-03 23:08:35,14.905,-12.4568,90.68,11,5,4.85
183,Kodiak,US,2021-04-03 23:08:35,57.79,-152.4072,48.2,46,1,13.8
184,Srednekolymsk,RU,2021-04-03 23:08:36,67.45,153.6833,1.13,79,50,4.23
185,Sioux Lookout,CA,2021-04-03 23:08:36,50.1001,-91.917,53.6,26,40,8.05
186,Nishihara,JP,2021-04-03 23:08:36,26.1842,127.7558,71.6,94,90,17.27
187,Cabo San Lucas,MX,2021-04-03 23:03:54,22.8909,-109.9124,86.0,28,20,6.91
188,Chateaubelair,VC,2021-04-03 23:08:37,13.2833,-61.25,78.8,78,75,12.66
189,Duldurga,RU,2021-04-03 23:08:37,50.6761,113.5931,30.34,55,92,5.73
190,Hsinchu,TW,2021-04-03 23:08:37,24.8036,120.9686,73.0,92,55,5.99
191,Palmeiras De Goias,BR,2021-04-03 23:08:38,-16.805,-49.9258,73.13,80,72,1.72
192,Palafrugell,ES,2021-04-03 23:08:38,41.9174,3.1631,60.01,93,0,4.61
193,Carnarvon,AU,2021-04-03 23:08:38,-24.8667,113.6333,75.2,57,0,12.66
194,Wolow,PL,2021-04-03 23:08:39,51.3366,16.6443,34.0,93,0,8.05
195,Bonthe,SL,2021-04-03 23:08:39,7.5264,-12.505,79.54,87,6,6.24
196,Qaqortoq,GL,2021-04-03 23:08:39,60.7167,-46.0333,39.2,87,90,6.8
197,Faanui,PF,2021-04-03 23:08:39,-16.4833,-151.75,81.63,73,10,7.34
198,Cervo,ES,2021-04-03 23:08:40,43.6702,-7.4101,52.0,77,22,5.99
199,Tasiilaq,GL,2021-04-03 23:08:40,65.6145,-37.6368,17.6,57,17,19.57
200,Port Antonio,JM,2021-04-03 23:08:40,18.18,-76.4612,77.0,83,75,14.97
201,Shimoda,JP,2021-04-03 23:08:41,34.6667,138.95,66.0,68,75,3.44
202,Mayo,US,2021-04-03 23:08:41,38.8876,-76.5119,52.0,43,1,3.22
203,Jalu,LY,2021-04-03 23:08:41,29.0331,21.5482,68.38,19,3,10.98
204,Port Hardy,CA,2021-04-03 23:08:42,50.6996,-127.4199,44.6,81,75,9.22
205,Yar-Sale,RU,2021-04-03 23:08:42,66.8333,70.8333,19.15,99,98,5.66
206,Grindavik,IS,2021-04-03 23:08:42,63.8424,-22.4338,35.6,75,75,26.46
207,Kasongo-Lunda,CD,2021-04-03 23:08:42,-6.4667,16.8167,70.38,96,93,0.29
208,Ilulissat,GL,2021-04-03 23:08:43,69.2167,-51.1,3.2,78,40,6.91
209,Eureka,US,2021-04-03 23:05:09,40.8021,-124.1637,57.0,66,100,5.01
210,Umm Bab,QA,2021-04-03 23:08:43,25.2142,50.8072,71.6,43,1,26.46
211,Yulara,AU,2021-04-03 23:08:44,-25.2406,130.9889,64.4,52,0,5.75
212,Bengkulu,ID,2021-04-03 23:08:44,-3.8004,102.2655,78.28,77,94,16.26
213,Bilma,NE,2021-04-03 23:08:44,18.6853,12.9164,74.12,12,0,6.64
214,Pochutla,MX,2021-04-03 23:08:45,15.7432,-96.4661,93.2,33,40,13.8
215,Edgemere,US,2021-04-03 23:08:04,39.2421,-76.448,53.6,24,1,6.91
216,Saint Anthony,US,2021-04-03 23:08:45,45.0205,-93.218,70.0,14,1,4.61
217,Bambous Virieux,MU,2021-04-03 23:08:45,-20.3428,57.7575,81.0,94,40,2.3
218,Madera,US,2021-04-03 23:08:46,37.1666,-119.8343,75.0,44,18,1.99
219,Klyuchi,RU,2021-04-03 23:08:46,52.2667,79.1667,22.33,92,48,6.13
220,Coromandel,BR,2021-04-03 23:08:46,-18.4733,-47.2003,66.97,88,86,2.28
221,The Pas,CA,2021-04-03 23:08:47,53.8251,-101.2541,50.0,34,1,12.66
222,Vestmannaeyjar,IS,2021-04-03 23:08:47,63.4427,-20.2734,43.0,83,99,30.94
223,Codrington,AU,2021-04-03 23:08:47,-38.2667,141.9667,64.38,80,52,4.76
224,Cherskiy,RU,2021-04-03 23:08:48,68.75,161.3,-5.03,92,63,5.97
225,Mahebourg,MU,2021-04-03 23:08:48,-20.4081,57.7,77.0,94,40,2.3
226,Tokmak,UA,2021-04-03 23:08:48,47.2514,35.7058,40.08,78,100,2.59
227,Telenesti,MD,2021-04-03 23:08:49,47.4997,28.3656,39.99,93,75,3.44
228,Litija,SI,2021-04-03 23:08:49,46.0586,14.8225,37.0,72,35,1.01
229,Bucerias,MX,2021-04-03 23:08:49,20.75,-105.3333,78.8,73,40,9.22
230,Lisala,CD,2021-04-03 23:08:50,2.15,21.5167,70.63,97,98,2.35
231,Cayenne,GF,2021-04-03 23:08:50,4.9333,-52.3333,78.01,94,90,2.3
232,Marienburg,PL,2021-04-03 23:08:50,54.0359,19.0266,34.0,84,9,6.44
233,Bow Island,CA,2021-04-03 23:08:50,49.8668,-111.3684,60.8,21,100,6.91
234,Ketchikan,US,2021-04-03 23:08:51,55.3422,-131.6461,38.79,80,81,4.12
235,Souillac,MU,2021-04-03 23:08:51,-20.5167,57.5167,77.0,94,40,2.3
236,Kieta,PG,2021-04-03 23:08:51,-6.2167,155.6333,83.59,78,100,5.26
237,Warrnambool,AU,2021-04-03 23:08:52,-38.3833,142.4833,63.0,93,40,5.66
238,Avarua,CK,2021-04-03 23:08:52,-21.2078,-159.775,84.2,74,20,13.8
239,Junction City,US,2021-04-03 23:06:11,39.0286,-96.8314,77.0,29,1,12.66
240,Moyale,KE,2021-04-03 23:08:52,3.5167,39.0584,71.8,71,100,4.68
241,Champerico,GT,2021-04-03 23:08:53,14.3,-91.9167,82.4,100,40,9.22
242,Rapar,IN,2021-04-03 23:08:53,23.5667,70.6333,77.94,50,4,10.25
243,Mezen,RU,2021-04-03 23:08:53,65.8522,44.24,18.81,98,66,2.28
244,Bandarbeyla,SO,2021-04-03 23:08:54,9.4942,50.8122,77.63,79,89,1.36
245,Calabozo,VE,2021-04-03 23:08:54,8.9242,-67.4293,92.57,29,75,3.47
246,Vila,PT,2021-04-03 23:08:54,42.0304,-8.1588,52.0,82,1,1.01
247,Sarai,RU,2021-04-03 23:08:54,53.7458,41.0213,31.01,92,94,4.54
248,Hobyo,SO,2021-04-03 23:08:55,5.3505,48.5268,81.95,73,7,11.54
249,Formosa,AR,2021-04-03 23:07:03,-26.1775,-58.1781,75.2,83,0,3.44
250,Nagornskiy,RU,2021-04-03 23:08:55,58.7731,57.5451,33.01,68,99,3.67
251,Meulaboh,ID,2021-04-03 23:08:55,4.1363,96.1285,75.63,86,90,3.51
252,Berlevag,NO,2021-04-03 23:08:56,70.8578,29.0864,34.12,92,100,19.89
253,Olinda,BR,2021-04-03 23:08:56,-8.0089,-34.8553,77.0,83,75,10.36
254,Zhuhai,CN,2021-04-03 23:06:13,22.2769,113.5678,80.6,88,0,4.61
255,Kuytun,RU,2021-04-03 23:08:56,54.3419,101.5036,32.02,93,100,12.26
256,Kaitangata,NZ,2021-04-03 23:08:57,-46.2817,169.8464,68.14,48,64,22.55
257,Los Llanos De Aridane,ES,2021-04-03 23:08:57,28.6585,-17.9182,64.4,68,75,6.91
258,Strezhevoy,RU,2021-04-03 23:08:57,60.7333,77.5889,33.8,86,0,8.95
259,Benguela,AO,2021-04-03 23:08:58,-12.5763,13.4055,80.04,84,71,1.72
260,Tiznit,MA,2021-04-03 23:08:58,29.5833,-9.5,54.99,81,51,6.46
261,Pisco,PE,2021-04-03 23:08:16,-13.7,-76.2167,73.4,78,0,4.61
262,Krasnorechenskiy,RU,2021-04-03 23:08:58,44.6265,135.3532,27.72,54,99,7.81
263,Loutra,GR,2021-04-03 23:08:59,39.0569,26.545,59.0,82,20,11.5
264,Acapulco,MX,2021-04-03 23:08:59,16.8634,-99.8901,86.0,70,1,9.22
265,Mar Del Plata,AR,2021-04-03 23:07:16,-38.0023,-57.5575,69.01,88,0,8.05
266,Havoysund,NO,2021-04-03 23:08:59,70.9963,24.6622,30.2,93,75,16.11
267,Puerto Madryn,AR,2021-04-03 23:04:14,-42.7692,-65.0385,71.56,57,12,14.88
268,Lavrentiya,RU,2021-04-03 23:09:00,65.5833,-171.0,6.28,83,99,10.0
269,Almeria,ES,2021-04-03 23:09:00,37.1667,-2.3333,63.0,72,0,1.14
270,Luanda,AO,2021-04-03 23:05:41,-8.8368,13.2343,80.28,84,100,9.44
271,Kindu,CD,2021-04-03 23:09:01,-2.95,25.95,72.88,91,87,0.85
272,Katsuura,JP,2021-04-03 23:09:01,35.1333,140.3,66.0,76,67,3.0
273,Remanso,BR,2021-04-03 23:09:01,-9.6179,-42.0831,82.58,49,17,1.74
274,Mancio Lima,BR,2021-04-03 23:09:02,-7.6142,-72.8958,78.8,100,75,8.05
275,Ambulu,ID,2021-04-03 23:09:02,-8.345,113.6058,76.05,88,48,2.42
276,Coihaique,CL,2021-04-03 23:09:02,-45.5752,-72.0662,53.6,66,75,3.44
277,Perth,AU,2021-04-03 23:05:31,-31.9333,115.8333,66.99,72,0,11.5
278,Bambanglipuro,ID,2021-04-03 23:09:03,-7.95,110.2833,76.62,89,91,3.13
279,Bara,NG,2021-04-03 23:09:03,10.3744,10.7288,80.91,14,92,9.89
280,Mormugao,IN,2021-04-03 23:09:03,15.4,73.8,76.19,77,59,4.7
281,Boralday,KZ,2021-04-03 23:09:04,43.3578,76.8594,26.6,86,20,4.47
282,Buchanan,LR,2021-04-03 23:09:04,5.8808,-10.0467,78.8,94,20,6.89
283,Sao Filipe,CV,2021-04-03 23:09:04,14.8961,-24.4956,73.53,73,33,13.4
284,Ilhabela,BR,2021-04-03 23:09:05,-23.7781,-45.3581,73.6,83,56,3.38
285,Ongandjera,NA,2021-04-03 23:09:05,-17.8833,15.0667,77.61,43,94,7.38
286,San Luis,AR,2021-04-03 23:09:05,-33.295,-66.3356,68.65,53,55,10.76
287,Skelleftea,SE,2021-04-03 23:09:06,64.7507,20.9528,42.01,65,97,11.5
288,Manono,CD,2021-04-03 23:09:06,-7.3,27.4167,69.24,92,82,2.89
289,Kangaba,ML,2021-04-03 23:09:06,11.9333,-8.4167,83.84,9,34,4.18
290,Liancheng,CN,2021-04-03 23:09:07,24.0519,105.075,63.1,96,79,2.26
291,Gweta,BW,2021-04-03 23:09:07,-20.1833,25.2333,76.98,35,3,6.91
292,Wilmington,US,2021-04-03 23:09:07,34.2257,-77.9447,51.8,43,1,8.05
293,Kavaratti,IN,2021-04-03 23:09:08,10.5669,72.642,81.97,64,42,8.21
294,Kalabo,ZM,2021-04-03 23:09:08,-14.97,22.6814,64.42,62,7,4.25
295,Freistadt,AT,2021-04-03 23:09:08,48.511,14.5045,30.0,84,38,4.0
296,New Port Richey,US,2021-04-03 23:09:09,28.2442,-82.7193,70.0,48,3,1.01
297,Gorontalo,ID,2021-04-03 23:08:00,0.5412,123.0595,79.52,87,29,3.74
298,Del Rio,US,2021-04-03 23:09:09,29.3627,-100.8968,69.8,60,90,16.11
299,Havelock,US,2021-04-03 23:09:09,34.8791,-76.9013,54.0,28,1,5.75
300,Northport,US,2021-04-03 23:09:10,33.229,-87.5772,66.2,24,1,3.44
301,Stephenville,US,2021-04-03 23:09:10,32.2207,-98.2023,62.6,67,90,10.36
302,Lebu,CL,2021-04-03 23:09:10,-37.6167,-73.65,54.5,88,0,9.51
303,Lamar,US,2021-04-03 23:09:10,33.6668,-95.5836,68.0,32,1,10.36
304,Shuangyang,CN,2021-04-03 23:09:11,43.5242,125.6736,39.99,68,0,2.24
305,Svetlaya,RU,2021-04-03 23:09:11,46.5389,138.3297,34.72,47,78,7.72
306,Makakilo City,US,2021-04-03 23:09:11,21.3469,-158.0858,82.4,51,1,10.36
307,Mehamn,NO,2021-04-03 23:09:12,71.0357,27.8492,33.73,94,100,20.51
308,Santiago Del Estero,AR,2021-04-03 23:09:12,-27.7951,-64.2615,78.76,45,100,7.58
309,Zunyi,CN,2021-04-03 23:09:12,27.6867,106.9072,50.76,90,100,5.17
310,Deputatskiy,RU,2021-04-03 23:09:13,69.3,139.9,-5.84,99,100,3.69
311,Bemidji,US,2021-04-03 23:09:13,47.4736,-94.8803,64.4,19,1,9.22
312,Baie-Comeau,CA,2021-04-03 23:09:13,49.2168,-68.1489,28.4,64,75,12.66
313,Belaya Gora,RU,2021-04-03 23:09:14,68.5333,146.4167,-4.22,91,47,1.97
314,Balikpapan,ID,2021-04-03 23:09:14,-1.2675,116.8289,76.96,88,100,1.83
315,Barra Do Garcas,BR,2021-04-03 23:06:55,-15.89,-52.2567,77.29,78,63,1.57
316,Pandamatenga,BW,2021-04-03 23:09:14,-18.5278,25.627,64.69,58,2,4.03
317,Mahur,IN,2021-04-03 23:09:15,25.1667,93.1167,63.52,50,25,1.34
318,Marsh Harbour,BS,2021-04-03 23:09:15,26.5412,-77.0636,67.51,57,3,23.78
319,Naze,JP,2021-04-03 23:09:15,28.3667,129.4833,69.8,100,75,2.3
320,Tabalosos,PE,2021-04-03 23:09:16,-6.35,-76.6833,75.2,100,75,3.44
321,Itarema,BR,2021-04-03 23:09:16,-2.9248,-39.9167,79.68,82,39,12.01
322,Kuusamo,FI,2021-04-03 23:09:16,65.9667,29.1833,26.6,74,0,8.05
323,Businga,CD,2021-04-03 23:09:16,3.3333,20.8833,72.34,83,82,2.71
324,Tessalit,ML,2021-04-03 23:09:17,20.1986,1.0114,78.55,7,16,10.87
325,Poya,NC,2021-04-03 23:09:17,-21.35,165.15,81.7,76,97,7.11
326,Bansang,GM,2021-04-03 23:09:17,13.4333,-14.65,87.8,35,9,4.61
327,Victoria Point,AU,2021-04-03 23:09:18,-27.5833,153.3,72.0,89,100,3.0
328,Tshikapa,CD,2021-04-03 23:09:18,-6.4167,20.8,69.94,97,100,1.43
329,Tottori,JP,2021-04-03 23:05:36,35.5,134.2333,62.6,77,75,10.36
330,Caravelas,BR,2021-04-03 23:09:18,-17.7125,-39.2481,76.8,83,100,4.92
331,Vila Velha,BR,2021-04-03 23:09:19,-20.3297,-40.2925,79.0,78,75,4.61
332,Callaguip,PH,2021-04-03 23:09:19,18.0714,120.4867,75.2,94,20,3.44
333,Basak,PH,2021-04-03 23:09:19,6.7274,124.1512,75.61,85,94,3.47
334,Lompoc,US,2021-04-03 23:09:20,34.6391,-120.4579,60.8,59,8,13.8
335,Carutapera,BR,2021-04-03 23:09:20,-1.195,-46.02,75.74,93,100,5.68
336,Gondanglegi,ID,2021-04-03 23:09:20,-7.7479,112.0132,75.29,90,92,4.94
337,Ankazoabo,MG,2021-04-03 23:09:21,-22.2833,44.5167,68.58,87,0,5.75
338,Viedma,AR,2021-04-03 23:09:21,-40.8135,-62.9967,73.92,44,23,7.92
339,Muros,ES,2021-04-03 23:09:21,42.7762,-9.0603,53.01,63,0,14.12
340,Puerto Carreno,CO,2021-04-03 23:09:21,6.189,-67.4859,87.8,52,62,6.49
341,Paris,FR,2021-04-03 23:07:00,48.8534,2.3488,43.0,75,0,12.66
342,La Cruz,MX,2021-04-03 23:09:22,23.9167,-106.9,82.0,59,88,7.0
343,Basqal,AZ,2021-04-03 23:09:22,40.7552,48.391,39.2,93,40,2.3
344,Leningradskiy,RU,2021-04-03 23:09:22,69.3833,178.4167,-7.35,88,100,4.9
345,College,US,2021-04-03 23:09:23,64.8569,-147.8028,27.0,80,90,2.48
346,Hamada,JP,2021-04-03 23:09:23,34.8833,132.0833,59.31,95,100,4.9
347,Baykit,RU,2021-04-03 23:09:23,61.67,96.37,19.58,97,98,2.01
348,Prenzlau,DE,2021-04-03 23:09:24,53.3167,13.8667,32.0,79,0,2.98
349,Noumea,NC,2021-04-03 23:08:48,-22.2763,166.4572,80.6,78,90,14.97
350,Tete,MZ,2021-04-03 23:09:24,-16.1564,33.5867,69.37,71,6,3.58
351,Olafsvik,IS,2021-04-03 23:09:24,64.8945,-23.7142,33.33,71,60,20.22
352,Puerto Leguizamo,CO,2021-04-03 23:09:25,-0.1934,-74.7819,74.37,95,74,2.73
353,Cumberland,US,2021-04-03 23:09:25,35.0502,-78.8664,59.0,19,1,3.44
354,Katangli,RU,2021-04-03 23:09:25,51.7102,143.2326,23.13,72,99,25.32
355,Mugur-Aksy,RU,2021-04-03 23:09:26,50.35,90.5,11.01,55,0,5.01
356,Kangayam,IN,2021-04-03 23:09:26,11.0,77.5667,77.0,83,20,5.75
357,Tautira,PF,2021-04-03 23:09:26,-17.7333,-149.15,86.0,70,40,9.22
358,Kruisfontein,ZA,2021-04-03 23:09:27,-34.0033,24.7314,57.0,89,14,1.01
359,Torbay,CA,2021-04-03 23:09:27,47.6666,-52.7314,37.0,100,90,11.5
360,Tres Arroyos,AR,2021-04-03 23:09:27,-38.3739,-60.2798,65.34,67,81,10.29
361,Agadir,MA,2021-04-03 23:09:27,30.4202,-9.5982,60.8,77,0,6.91
362,Tibu,CO,2021-04-03 23:09:28,8.639,-72.7358,79.05,83,100,0.51
363,Saurimo,AO,2021-04-03 23:09:28,-9.6608,20.3916,67.14,92,97,1.16
364,Hofn,IS,2021-04-03 23:09:28,64.2539,-15.2082,39.45,90,83,10.07
365,Bouafle,CI,2021-04-03 23:09:29,6.9904,-5.7442,80.6,78,81,4.61
366,Yinchuan,CN,2021-04-03 23:09:29,38.4681,106.2731,45.0,27,100,3.71
367,Luba,GQ,2021-04-03 23:09:29,3.4568,8.5547,81.72,81,89,8.03
368,Tall Kayf,TR,2021-04-03 23:09:30,37.0833,41.0667,47.7,70,4,5.64
369,Luau,AO,2021-04-03 23:05:14,-10.7073,22.2247,67.1,85,96,2.44
370,Nioro,GM,2021-04-03 23:09:30,13.35,-15.75,77.83,43,10,8.23
371,Hambantota,LK,2021-04-03 23:09:30,6.1241,81.1185,77.11,86,93,11.56
372,Port Hedland,AU,2021-04-03 23:08:05,-20.3167,118.5667,73.4,64,100,8.05
373,Tuatapere,NZ,2021-04-03 23:09:31,-46.1333,167.6833,64.0,73,73,11.01
374,Airai,TL,2021-04-03 23:09:31,-8.9266,125.4092,60.06,97,100,5.5
375,Kavieng,PG,2021-04-03 23:09:31,-2.5744,150.7967,82.71,74,80,3.38
376,Binzhou,CN,2021-04-03 23:09:11,37.3667,118.0167,43.2,41,0,5.41
377,Kyren,RU,2021-04-03 23:09:32,51.6828,102.1408,30.61,61,51,2.42
378,Tam Ky,VN,2021-04-03 23:09:32,15.5667,108.4833,77.0,88,20,3.24
379,Flinders,AU,2021-04-03 23:09:32,-34.5833,150.8552,78.01,79,26,1.01
380,Saint-Denis,FR,2021-04-03 23:06:11,48.9167,2.3333,43.0,75,0,10.36
381,Camacari,BR,2021-04-03 23:09:33,-12.6975,-38.3242,82.4,65,40,9.22
382,Kinablangan,PH,2021-04-03 23:09:33,7.6947,126.5503,79.25,81,61,4.5
383,Camacha,PT,2021-04-03 23:09:33,33.0833,-16.3333,59.0,63,20,4.61
384,Ballina,AU,2021-04-03 23:05:47,-28.8667,153.5667,71.6,78,75,12.66
385,Victoria,HK,2021-04-03 23:09:34,22.2855,114.1577,80.01,82,9,5.28
386,Traverse City,US,2021-04-03 23:09:24,44.7631,-85.6206,48.2,57,20,8.05
387,Riviere-Au-Renard,CA,2021-04-03 23:09:34,48.9957,-64.3971,26.6,80,90,4.61
388,Kabalo,CD,2021-04-03 23:09:34,-6.05,26.9167,69.8,95,86,2.55
389,Abaza,RU,2021-04-03 23:09:35,52.655,90.0928,27.66,89,93,3.91
390,Nazca,PE,2021-04-03 23:06:53,-14.8333,-74.95,75.25,63,99,6.17
391,Itaueira,BR,2021-04-03 23:09:35,-7.6033,-43.0256,78.66,65,25,2.33
392,Bulungu,CD,2021-04-03 23:09:35,-4.55,18.6,71.2,95,83,1.79
393,Davenda,RU,2021-04-03 23:09:36,53.5556,119.317,26.29,72,26,3.58
394,Veraval,IN,2021-04-03 23:09:36,20.9,70.3667,77.58,75,33,6.51
395,Matagami,CA,2021-04-03 23:09:36,49.7502,-77.6328,37.4,81,90,4.61
396,Bathsheba,BB,2021-04-03 23:09:37,13.2167,-59.5167,78.8,57,40,20.71
397,Vardo,NO,2021-04-03 23:09:37,70.3705,31.1107,33.26,86,100,28.1
398,Russell,US,2021-04-03 23:09:37,32.3502,-85.1999,64.4,24,20,1.07
399,Halifax,CA,2021-04-03 23:06:02,44.6453,-63.5724,34.0,84,100,7.0
400,Longyearbyen,SJ,2021-04-03 23:09:38,78.2186,15.6401,19.4,73,75,10.36
401,Heide,DE,2021-04-03 23:07:14,54.2,9.1,39.0,93,1,3.44
402,Canico,PT,2021-04-03 23:09:38,32.6333,-16.85,62.6,59,40,3.44
403,Mandera,KE,2021-04-03 23:04:46,3.9366,41.867,78.82,67,100,7.83
404,Saldanha,ZA,2021-04-03 23:09:38,-33.0117,17.9442,64.4,82,0,5.75
405,Iberia,US,2021-04-03 23:09:39,29.9502,-91.7507,64.4,52,40,6.62
406,Oneida,US,2021-04-03 23:09:39,43.2001,-75.4663,44.6,26,1,6.91
407,Gainesville,US,2021-04-03 23:07:33,29.6516,-82.3248,66.0,45,1,9.22
408,The Valley,AI,2021-04-03 23:09:40,18.217,-63.0578,78.8,73,20,12.66
409,Palimbang,PH,2021-04-03 23:09:40,6.2106,124.1894,80.85,83,67,2.08
410,Adrar,MR,2021-04-03 23:09:40,20.5022,-10.0711,82.09,16,48,10.04
411,Bontang,ID,2021-04-03 23:09:41,0.1333,117.5,78.24,87,100,3.22
412,Teknaf,BD,2021-04-03 23:09:41,20.8624,92.3058,70.74,88,0,4.61
413,Atar,MR,2021-04-03 23:09:41,20.5169,-13.0499,85.84,19,66,9.44
414,Inhambane,MZ,2021-04-03 23:09:42,-23.865,35.3833,74.43,79,60,11.32
415,Waddan,LY,2021-04-03 23:09:42,29.1614,16.139,70.7,16,26,8.68
416,Kulhudhuffushi,MV,2021-04-03 23:09:42,6.6221,73.07,83.7,63,41,9.55
417,Belle Glade,US,2021-04-03 23:09:43,26.6845,-80.6676,68.0,58,98,1.01
418,Basco,PH,2021-04-03 23:09:43,20.4487,121.9702,78.4,78,28,12.15
419,Amahai,ID,2021-04-03 23:09:43,-3.3333,128.9167,81.05,79,69,3.87
420,Vao,NC,2021-04-03 23:09:43,-22.6667,167.4833,75.63,74,100,26.24
421,Puertollano,ES,2021-04-03 23:09:44,38.6871,-4.1073,50.0,93,35,1.77
422,Pont-Sainte-Maxence,FR,2021-04-03 23:09:44,49.3017,2.6047,41.0,75,0,11.5
423,Valdivia,CL,2021-04-03 23:09:45,-39.8142,-73.2459,60.8,72,77,4.61
424,Hamilton,US,2021-04-03 23:07:56,39.1834,-84.5333,62.6,29,1,11.5
425,Saint-Jean-De-Luz,FR,2021-04-03 23:09:45,43.3891,-1.6581,51.8,76,0,6.91
426,Asfi,MA,2021-04-03 23:09:45,32.2994,-9.2372,59.13,77,26,10.74
427,Galesong,ID,2021-04-03 23:09:46,-5.3166,119.3661,77.0,94,20,2.3
428,Vechta,DE,2021-04-03 23:09:46,52.7167,8.2833,41.0,68,10,3.0
429,Choma,ZM,2021-04-03 23:09:46,-16.8065,26.9531,60.78,64,0,3.6
430,Neepawa,CA,2021-04-03 23:09:46,50.2289,-99.4664,59.0,23,75,25.32
431,Bairiki,KI,2021-04-03 23:09:47,1.3292,172.9752,86.0,74,20,11.5
432,Matara,LK,2021-04-03 23:09:47,5.9485,80.5353,76.08,90,76,9.1
433,Challans,FR,2021-04-03 23:09:47,46.8436,-1.8749,44.6,70,0,9.22
434,Tabaquite,TT,2021-04-03 23:09:48,10.3833,-61.3,82.4,65,20,13.8
435,Wuwei,CN,2021-04-03 23:09:48,37.9281,102.6414,39.67,51,87,7.54
436,Ankang,CN,2021-04-03 23:09:48,32.68,109.0172,50.88,86,100,4.07
437,Hermiston,US,2021-04-03 23:09:49,45.8404,-119.2895,64.99,34,1,5.75
438,Dondo,MZ,2021-04-03 23:09:49,-19.6094,34.7431,67.95,91,0,0.98
439,Brae,GB,2021-04-03 23:09:49,60.3964,-1.353,46.4,76,75,25.32
440,Surt,LY,2021-04-03 23:09:50,31.2089,16.5887,73.85,26,6,17.94
441,Norman Wells,CA,2021-04-03 23:09:50,65.282,-126.8329,10.4,61,75,5.75
442,Dunedin,NZ,2021-04-03 23:09:50,-45.8742,170.5036,68.76,47,69,9.01
443,Pingliang,CN,2021-04-03 23:09:51,35.5392,106.6861,39.47,95,100,5.41
444,Linhares,BR,2021-04-03 23:09:51,-19.3911,-40.0722,73.04,88,100,3.38
445,Payakumbuh,ID,2021-04-03 23:09:51,-0.2202,100.6308,69.85,95,97,5.37
446,Ulaanbaatar,MN,2021-04-03 23:09:52,47.9077,106.8832,17.6,86,0,2.01
447,Seoul,KR,2021-04-03 23:05:34,37.5683,126.9778,51.8,81,90,8.05
448,Seddon,AU,2021-04-03 23:09:52,-37.8068,144.8916,72.0,56,0,8.05
449,Tilichiki,RU,2021-04-03 23:09:52,60.4667,166.1,6.46,83,25,6.8
450,Salalah,OM,2021-04-03 23:09:53,17.0151,54.0924,77.0,69,0,4.61
451,Abha,SA,2021-04-03 23:09:53,18.2164,42.5053,64.4,77,0,0.67
452,Ganzhou,CN,2021-04-03 23:09:53,28.8184,115.4327,55.47,89,100,5.1
453,Saint-Augustin,CA,2021-04-03 23:09:54,51.226,-58.6502,34.9,99,100,3.47
454,Viransehir,TR,2021-04-03 23:09:54,37.2353,39.7631,46.17,79,12,4.74
455,Turangi,NZ,2021-04-03 23:09:54,-39.0,175.9333,58.96,59,36,5.93
456,Youghal,IE,2021-04-03 23:09:55,51.95,-7.8506,42.8,87,20,2.3
457,Yurimaguas,PE,2021-04-03 23:09:55,-5.9,-76.0833,77.0,94,40,3.44
458,Hays,US,2021-04-03 23:09:55,30.0502,-98.0336,66.99,79,100,3.0
459,Ipora,BR,2021-04-03 23:09:56,-16.4419,-51.1178,74.95,77,92,2.44
460,Talnakh,RU,2021-04-03 23:09:56,69.4865,88.3972,-15.38,85,6,9.1
461,Cape Canaveral,US,2021-04-03 23:09:56,28.4058,-80.6048,66.99,52,90,8.05
462,Shelui,TZ,2021-04-03 23:09:57,-4.3667,34.2,66.45,85,67,5.95
463,Nuuk,GL,2021-04-03 23:09:57,64.1835,-51.7216,23.0,63,75,24.16
464,Durazno,UY,2021-04-03 23:09:57,-33.4131,-56.5006,70.9,53,65,9.86
465,Nsanje,MW,2021-04-03 23:08:07,-16.92,35.262,70.34,93,42,2.77
466,Altea,ES,2021-04-03 23:09:58,38.5989,-0.0514,59.0,81,61,4.23
467,Humaita,BR,2021-04-03 23:09:58,-7.5061,-63.0208,75.79,94,100,0.85
468,Abashiri,JP,2021-04-03 23:09:58,44.0213,144.2697,39.0,93,75,6.91
469,Korem,ET,2021-04-03 23:09:59,12.5058,39.5228,53.64,82,6,1.16
470,Gravdal,NO,2021-04-03 23:09:59,68.1214,13.5031,34.84,92,100,11.56
471,Constitucion,CL,2021-04-03 23:05:57,-35.3333,-72.4167,57.13,79,8,9.46
472,Villa Del Rosario,CO,2021-04-03 23:09:59,7.8339,-72.4742,82.4,74,40,2.3
473,Padang,ID,2021-04-03 23:10:00,-0.9492,100.3543,73.4,83,75,4.61
474,Razole,IN,2021-04-03 23:10:00,16.4833,81.8333,76.53,93,69,3.78
475,Port Blair,IN,2021-04-03 23:10:00,11.6667,92.75,79.41,76,87,5.19
476,Ormara,PK,2021-04-03 23:10:01,25.2088,64.6357,79.9,67,1,11.03
477,Qorveh,IR,2021-04-03 23:10:01,35.1664,47.8045,34.74,66,0,5.21
478,Xining,CN,2021-04-03 23:10:01,36.6167,101.7667,31.32,95,99,1.03
479,San Patricio,US,2021-04-03 23:10:02,28.017,-97.5169,73.4,53,1,17.27
480,San Miguel Ixtahuacan,GT,2021-04-03 23:10:02,15.25,-91.75,71.6,46,75,11.5
481,Khandyga,RU,2021-04-03 23:10:02,62.6667,135.6,-6.81,97,80,1.7
482,Dingli,MT,2021-04-03 23:10:03,35.8614,14.3822,60.01,94,40,12.66
483,San Isidro,PE,2021-04-03 23:10:03,-12.1167,-77.05,73.4,68,0,8.05
484,Vanavara,RU,2021-04-03 23:10:03,60.34,102.2797,19.99,97,100,2.64
485,Korsakov,RU,2021-04-03 23:10:03,46.6328,142.7813,37.4,41,91,6.71
486,Boa Vista,BR,2021-04-03 23:10:04,2.8197,-60.6733,89.6,51,75,8.05
487,Mabaruma,GY,2021-04-03 23:10:04,8.2,-59.7833,74.08,96,94,4.88
488,Ailigandi,PA,2021-04-03 23:10:04,9.2333,-78.0167,79.52,86,100,16.84
489,Batagay-Alyta,RU,2021-04-03 23:10:05,67.8006,130.4114,-7.96,93,100,4.92
490,Narsaq,GL,2021-04-03 23:10:05,60.9167,-46.05,39.2,87,90,6.64
491,Vershino-Darasunskiy,RU,2021-04-03 23:10:05,52.35,115.5167,25.59,73,95,5.7
492,Gobabis,NA,2021-04-03 23:10:06,-22.45,18.9667,69.17,43,1,8.12
493,Carauari,BR,2021-04-03 23:10:06,-4.8828,-66.8958,76.19,96,96,1.19
494,Nouakchott,MR,2021-04-03 23:10:06,18.0858,-15.9785,75.2,64,0,13.8
495,Nyurba,RU,2021-04-03 23:10:06,63.2842,118.3319,-15.84,99,100,2.62
496,Alice Springs,AU,2021-04-03 23:10:07,-23.7,133.8833,64.4,63,0,4.61
497,Katobu,ID,2021-04-03 23:10:07,-4.9408,122.5276,78.49,88,91,5.66
498,Harper,LR,2021-04-03 23:10:07,4.375,-7.7169,78.94,88,77,6.82
499,Srandakan,ID,2021-04-03 23:10:08,-7.9386,110.2506,76.66,89,90,3.44
500,Sao Francisco De Assis,BR,2021-04-03 23:10:08,-29.5503,-55.1311,70.32,66,39,6.85
501,Arkhangelskoye,RU,2021-04-03 23:10:08,55.8549,35.3287,27.7,95,51,3.85
502,Bocas Del Toro,PA,2021-04-03 23:10:09,9.3333,-82.25,68.0,55,82,5.01
503,Zapadnaya Dvina,RU,2021-04-03 23:10:09,56.259,32.0745,26.6,94,43,3.49
504,Rasinari,RO,2021-04-03 23:10:09,45.7,24.0667,33.8,100,0,0.83
505,Konstantinovka,RU,2021-04-03 23:10:10,49.6167,127.9833,38.23,41,42,13.82
506,Tonota,BW,2021-04-03 23:10:10,-21.4833,27.4833,69.3,59,0,11.92
507,Farsund,NO,2021-04-03 23:10:10,58.0948,6.8047,42.01,83,38,15.19
508,Lasa,IT,2021-04-03 23:10:11,46.6166,10.7002,39.99,69,0,9.22
509,Bowmore,US,2021-04-03 23:10:11,34.9421,-79.3031,59.0,21,1,4.61
510,Hongjiang,CN,2021-04-03 23:10:11,27.11,109.9956,51.89,95,100,2.86
511,Mackay,AU,2021-04-03 23:10:11,-21.15,149.2,73.0,94,90,10.36
512,Rocha,UY,2021-04-03 23:10:12,-34.4833,-54.3333,61.18,89,25,5.75
513,Haines Junction,CA,2021-04-03 23:10:12,60.7522,-137.5108,32.0,32,97,5.75
514,Mbengwi,CM,2021-04-03 23:10:12,6.0167,10.0,69.24,57,78,3.42
515,Mogadishu,SO,2021-04-03 23:10:13,2.0371,45.3438,81.48,80,68,9.62
516,Broken Hill,AU,2021-04-03 23:10:13,-31.95,141.4333,71.6,46,0,4.61
517,Lagoa,PT,2021-04-03 23:10:13,39.05,-27.9833,59.99,87,96,32.19
518,Shentala,RU,2021-04-03 23:10:14,54.45,51.4833,32.25,98,100,6.91
519,Sao Jose Da Coroa Grande,BR,2021-04-03 23:10:14,-8.8978,-35.1478,79.03,84,17,8.46
520,Whitehorse,CA,2021-04-03 23:07:04,60.7161,-135.0538,32.0,29,40,3.38
521,Durango,MX,2021-04-03 23:06:15,24.8333,-104.8333,79.21,18,71,3.49
522,Osterburg,DE,2021-04-03 23:10:14,52.7833,11.7667,37.0,64,3,2.24
523,Vidalia,US,2021-04-03 23:09:58,32.2177,-82.4135,64.4,15,1,1.21
524,Namibe,AO,2021-04-03 23:10:15,-15.1961,12.1522,77.85,81,42,3.71
525,Ostrovnoy,RU,2021-04-03 23:10:15,68.0531,39.5131,19.49,95,83,12.06
526,Kupang,ID,2021-04-03 23:10:15,-10.1667,123.5833,78.8,100,90,12.66
527,Bonavista,CA,2021-04-03 23:10:16,48.6499,-53.1147,42.8,87,90,5.75
528,Kahului,US,2021-04-03 23:09:43,20.8947,-156.47,82.4,57,40,20.71
529,Laukaa,RU,2021-04-03 23:10:16,58.7372,29.8453,32.41,92,100,4.97
530,Temnikov,RU,2021-04-03 23:10:16,54.6302,43.2148,31.78,90,100,3.76
531,Dano,BF,2021-04-03 23:10:17,11.15,-3.0667,85.73,10,10,3.89
532,Mana,GF,2021-04-03 23:10:17,5.6592,-53.7767,77.14,90,100,11.3
533,Sao Felix Do Xingu,BR,2021-04-03 23:10:17,-6.6447,-51.995,76.89,83,49,2.1
534,Mardin,TR,2021-04-03 23:10:18,37.3131,40.7436,41.16,65,6,0.36
535,Asyut,EG,2021-04-03 23:10:18,27.181,31.1837,53.6,62,0,11.5
536,Oeiras Do Para,BR,2021-04-03 23:10:18,-2.0031,-49.8544,76.15,92,94,5.01
537,Abu Dhabi,AE,2021-04-03 23:08:35,24.4667,54.3667,77.0,69,0,8.05
538,Sal Rei,CV,2021-04-03 23:10:19,16.1833,-22.9167,69.8,88,75,16.11
539,Vakhrushevo,RU,2021-04-03 23:10:19,55.2317,61.7173,30.2,100,40,6.71
540,Ndele,CF,2021-04-03 23:10:19,8.4109,20.6473,77.76,55,90,3.4
541,Angoche,MZ,2021-04-03 23:10:20,-16.2325,39.9086,76.23,88,50,5.75
542,Imbituba,BR,2021-04-03 23:10:20,-28.24,-48.6703,69.8,88,20,3.44
543,Okhotsk,RU,2021-04-03 23:10:21,59.3833,143.3,25.92,71,100,11.41
544,Astoria,US,2021-04-03 23:10:21,46.1879,-123.8313,57.99,62,1,9.22
545,Shakawe,BW,2021-04-03 23:10:21,-18.3667,21.85,66.9,55,0,3.89
546,Stornoway,GB,2021-04-03 23:10:21,58.2093,-6.3865,44.01,87,75,13.8
547,Santiago De Cuba,CU,2021-04-03 23:10:22,20.0247,-75.8219,77.0,69,40,13.8
548,Bac Lieu,VN,2021-04-03 23:10:22,9.285,105.7244,80.96,77,35,7.76
549,Gat,IL,2021-04-03 23:10:01,31.61,34.7642,55.0,73,0,3.94
550,Sechura,PE,2021-04-03 23:10:23,-5.5569,-80.8222,77.54,64,36,13.13
551,Dumbea,NC,2021-04-03 23:10:23,-22.15,166.45,80.6,78,90,14.97
552,Ghugus,IN,2021-04-03 23:10:23,19.9333,79.1333,82.99,15,4,2.19
553,Valenca Do Piaui,BR,2021-04-03 23:10:23,-6.4075,-41.7456,77.49,62,45,2.28
554,Mumford,GH,2021-04-03 23:10:24,5.2618,-0.759,80.06,88,55,9.82
555,Sorong,ID,2021-04-03 23:10:24,-0.8833,131.25,82.96,74,40,3.53
556,Phalombe,MW,2021-04-03 23:10:24,-15.8064,35.6507,64.6,96,49,2.55
557,Honningsvag,NO,2021-04-03 23:10:25,70.9821,25.9704,33.1,85,100,27.4
558,Nelson Bay,AU,2021-04-03 23:10:25,-32.7167,152.15,72.0,88,66,8.05
559,Hithadhoo,MV,2021-04-03 23:10:25,-0.6,73.0833,83.28,75,57,16.35
560,Staryy Nadym,RU,2021-04-03 23:10:26,65.6118,72.6842,28.49,97,100,5.7
561,Sahuaripa,MX,2021-04-03 23:10:26,29.05,-109.2333,94.6,6,0,7.25
562,Pocri,PA,2021-04-03 23:10:26,8.2667,-80.55,84.2,61,20,16.11
563,Manggar,ID,2021-04-03 23:10:27,-2.8833,108.2667,78.94,83,63,4.99
564,Lere,NG,2021-04-03 23:10:27,10.387,8.5726,74.7,15,6,5.12
565,Carbonia,IT,2021-04-03 23:10:27,39.1672,8.5222,60.8,88,40,3.44
566,Cockburn Town,TC,2021-04-03 23:10:27,21.4612,-71.1419,76.64,74,79,26.17
567,Thunder Bay,CA,2021-04-03 23:09:45,48.4001,-89.3168,62.6,16,20,14.97
568,Charters Towers,AU,2021-04-03 23:10:28,-20.1,146.2667,72.07,78,97,12.08
569,Usogorsk,RU,2021-04-03 23:10:28,63.4106,48.6872,27.37,93,98,1.12
570,Kachug,RU,2021-04-03 23:10:29,53.9606,105.8817,27.79,93,92,5.91
571,Kautokeino,NO,2021-04-03 23:10:29,69.0125,23.0412,29.16,80,100,16.93
572,Susangerd,IR,2021-04-03 23:10:29,31.5608,48.1831,62.6,45,0,6.91
573,Villa Carlos Paz,AR,2021-04-03 23:06:29,-31.4241,-64.4978,71.01,65,85,10.0
574,Grand-Lahou,CI,2021-04-03 23:10:30,5.1367,-5.0242,79.88,88,34,8.21
575,Sovetskiy,RU,2021-04-03 23:10:30,61.3614,63.5842,28.74,97,97,6.98
576,Santa Isabel Do Rio Negro,BR,2021-04-03 23:10:30,-0.4139,-65.0192,75.79,96,100,2.57
577,Beloha,MG,2021-04-03 23:07:17,-25.1667,45.05,69.44,89,0,4.16
578,Nantucket,US,2021-04-03 23:10:31,41.2835,-70.0995,37.4,56,1,12.66
579,Narrabri,AU,2021-04-03 23:10:31,-30.3167,149.7833,64.99,72,59,10.36
580,Rodrigues Alves,BR,2021-04-03 23:10:31,-7.738,-72.6509,78.8,100,75,8.05
581,Vitorino Freire,BR,2021-04-03 23:10:32,-4.0667,-45.1667,76.12,91,87,1.83
582,Balkanabat,TM,2021-04-03 23:10:32,39.5108,54.3671,50.29,56,40,11.56
583,Prince Rupert,CA,2021-04-03 23:10:24,54.3161,-130.3201,42.8,65,1,9.22
584,Morant Bay,JM,2021-04-03 23:10:32,17.8815,-76.4093,77.0,83,75,14.97
585,Salym,RU,2021-04-03 23:10:33,60.0625,71.4789,32.49,89,78,9.28
586,Karpinsk,RU,2021-04-03 23:10:33,59.7654,60.0085,25.0,98,87,2.86
587,Tura,IN,2021-04-03 23:10:33,25.5198,90.2201,68.7,33,2,1.52
588,San Javier,ES,2021-04-03 23:10:34,37.8063,-0.8374,60.01,88,0,1.14
589,Cordoba,AR,2021-04-03 23:08:32,-31.4135,-64.1811,73.0,73,0,6.91
590,Gao,ML,2021-04-03 23:10:34,16.6362,1.637,76.8,7,9,10.02
591,Gumdag,TM,2021-04-03 23:10:34,39.2061,54.5906,50.67,57,57,18.48
592,Vila Do Maio,CV,2021-04-03 23:10:35,15.1333,-23.2167,73.4,68,0,17.27
593,Yarada,IN,2021-04-03 23:10:35,17.65,83.2667,79.92,79,5,1.9
594,Juegang,CN,2021-04-03 23:10:35,32.3174,121.1855,50.0,79,73,1.01
595,Belyy Yar,RU,2021-04-03 23:10:36,53.6039,91.3903,24.8,80,0,2.93
596,Trairi,BR,2021-04-03 23:10:36,-3.2778,-39.2689,78.84,86,14,9.01
597,Deep River,CA,2021-04-03 23:10:37,46.1001,-77.4995,50.0,23,75,8.05
598,Bage,BR,2021-04-03 23:10:18,-31.3314,-54.1069,68.0,88,20,8.05
599,Bone,DE,2021-04-03 23:10:37,51.9669,12.1396,35.01,73,7,1.72
600,Freeport,US,2021-04-03 23:06:05,40.6576,-73.5832,50.0,20,1,6.91
601,Lahij,YE,2021-04-03 23:10:37,13.1667,44.5833,74.75,42,76,1.5
602,Aykhal,RU,2021-04-03 23:10:38,66.0,111.5,-16.15,99,100,6.08
603,Gojra,PK,2021-04-03 23:10:38,31.1487,72.6866,66.18,13,41,7.34
604,Bidhuna,IN,2021-04-03 23:06:10,26.8022,79.5088,72.07,9,0,6.11
